scenario,metric,comparison,estimate,lower,upper,bootstrap_se
baseline,mean_loss,absolute,3380273.625,3340906.434375,3427946.28125,23062.064333
baseline,mean_loss,paired_delta,0.0,0.0,0.0,0.0
baseline,var,absolute,15140000.0,14684375.0,15700250.0,274701.200166
baseline,var,paired_delta,0.0,0.0,0.0,0.0
baseline,es,absolute,18476225.0,17764282.1875,19116079.375,326639.010269
baseline,es,paired_delta,0.0,0.0,0.0,0.0
recession,mean_loss,absolute,8672394.15,8599943.4425,8764183.45125,46265.136496
recession,mean_loss,paired_delta,5292120.525,5245002.91,5349567.335625,27832.01233
recession,var,absolute,29289000.0,28312725.0,29921000.0,459279.829947
recession,var,paired_delta,14149000.0,13413162.5,14671525.0,350376.560495
recession,es,absolute,33601695.0,32777450.1875,34353958.25,399824.394782
recession,es,paired_delta,15125470.0,14690894.125,15616604.5,245026.754207
severe,mean_loss,absolute,19230306.0125,19100438.530938,19392213.833437,81010.582028
severe,mean_loss,paired_delta,15850032.3875,15745773.965625,15979647.058125,62852.15371
severe,var,absolute,51326000.0,50663868.75,52296750.0,411794.593515
severe,var,paired_delta,36186000.0,35426231.25,36936750.0,348071.677988
severe,es,absolute,57175566.25,56201846.59375,58147089.0,518027.625291
severe,es,paired_delta,38699341.25,37926439.40625,39466822.0,383686.205256
independent,mean_loss,absolute,3371452.0,3345040.753125,3397919.796875,13788.713097
independent,mean_loss,paired_delta,-8821.625,-51460.10625,32210.73125,21514.214315
independent,var,absolute,8717500.0,8590000.0,8800125.0,56066.916839
independent,var,paired_delta,-6422500.0,-6984062.5,-5974250.0,274195.77791
independent,es,absolute,9621450.0,9457187.1875,9780681.875,87970.423873
independent,es,paired_delta,-8854775.0,-9519946.5625,-8212317.5,330784.498859
high_correlation,mean_loss,absolute,3378837.875,3321930.125,3445472.778125,32637.007271
high_correlation,mean_loss,paired_delta,-1435.75,-29252.103125,29035.7,14734.401817
high_correlation,var,absolute,22085000.0,21157375.0,22839062.5,468870.042526
high_correlation,var,paired_delta,6945000.0,6232250.0,7513812.5,335373.356711
high_correlation,es,absolute,27706337.5,26589736.25,28671444.6875,524248.345592
high_correlation,es,paired_delta,9230112.5,8630630.0,9815962.1875,309885.29554
