path,loss:baseline,loss:recession,loss:severe,loss:independent,loss:high_correlation
0,3777500.0,7952000.0,21461000.0,1500000.0,3170000.0
1,0.0,1392500.0,6635750.0,3627500.0,0.0
2,1832500.0,6500000.0,19065750.0,7345000.0,1832500.0
3,2727500.0,8998000.0,17336000.0,2122500.0,2727500.0
4,2235000.0,4807500.0,17476250.0,2235000.0,0.0
5,5390000.0,11981500.0,30060250.0,2910000.0,4450000.0
6,2937500.0,6428000.0,21287750.0,4647500.0,1237500.0
7,1342500.0,2246000.0,5659500.0,1950000.0,0.0
8,7002500.0,8110500.0,10972500.0,5367500.0,7002500.0
9,577500.0,4714000.0,12119250.0,1587500.0,577500.0
10,0.0,0.0,8813750.0,1865000.0,0.0
11,2302500.0,10057000.0,16497250.0,4342500.0,832500.0
12,3867500.0,10624000.0,23410750.0,1215000.0,3867500.0
13,3177500.0,5345000.0,10227250.0,3917500.0,1027500.0
14,662500.0,6085500.0,8285750.0,3757500.0,662500.0
15,4942500.0,8720500.0,22055000.0,6757500.0,4942500.0
16,9420000.0,16287000.0,27071000.0,3422500.0,11547500.0
17,3437500.0,10981000.0,22808500.0,9707500.0,2410000.0
18,607500.0,3648000.0,10862500.0,3180000.0,0.0
19,0.0,1546500.0,9306000.0,0.0,0.0
20,3752500.0,7332500.0,23834250.0,1702500.0,2627500.0
21,4292500.0,8758500.0,21224500.0,917500.0,3375000.0
22,0.0,2276500.0,10106250.0,4807500.0,0.0
23,2240000.0,11580000.0,25234000.0,4480000.0,2240000.0
24,11035000.0,19211500.0,37100250.0,7355000.0,12505000.0
25,1342500.0,9790000.0,18807250.0,1342500.0,1342500.0
26,2052500.0,7365000.0,23977250.0,2052500.0,1025000.0
27,2422500.0,7964500.0,20124500.0,2422500.0,607500.0
28,3435000.0,13165000.0,22407000.0,4427500.0,6660000.0
29,7830000.0,15981000.0,33079750.0,3167500.0,9412500.0
30,2662500.0,6073500.0,16544000.0,5032500.0,1257500.0
31,1120000.0,7851500.0,15752000.0,4197500.0,0.0
32,10135000.0,25858000.0,40832000.0,5562500.0,16322500.0
33,1405000.0,1641000.0,10472000.0,2327500.0,1405000.0
34,3955000.0,12570500.0,18485500.0,3950000.0,1585000.0
35,6637500.0,13704500.0,25539250.0,8577500.0,4372500.0
36,3085000.0,11138500.0,22690250.0,4525000.0,817500.0
37,2915000.0,4711000.0,11242000.0,4035000.0,1257500.0
38,0.0,5937500.0,14272500.0,3437500.0,0.0
39,0.0,3876500.0,7782500.0,3392500.0,0.0
40,5762500.0,12316500.0,26515500.0,4845000.0,917500.0
41,2685000.0,6203000.0,17454250.0,3425000.0,2685000.0
42,3727500.0,15252500.0,28462500.0,3727500.0,3062500.0
43,2927500.0,8354000.0,15664000.0,7290000.0,0.0
44,0.0,2821500.0,4994000.0,2397500.0,0.0
45,0.0,2158500.0,2659250.0,1862500.0,0.0
46,2365000.0,8186500.0,11588500.0,6300000.0,2365000.0
47,4120000.0,8524500.0,22442750.0,5015000.0,2847500.0
48,3537500.0,9535000.0,27093000.0,2417500.0,3537500.0
49,3585000.0,7441000.0,19362750.0,3585000.0,3585000.0
50,7055000.0,10020000.0,19280250.0,8640000.0,6342500.0
51,2130000.0,16269000.0,25555750.0,2130000.0,2130000.0
52,5615000.0,15828000.0,34856250.0,2050000.0,8147500.0
53,16157500.0,27123000.0,50877750.0,1502500.0,20592500.0
54,2047500.0,4535500.0,9652500.0,2865000.0,1212500.0
55,9067500.0,15829000.0,36247750.0,3397500.0,11332500.0
56,1700000.0,4552000.0,16843750.0,1700000.0,0.0
57,645000.0,3309000.0,6096750.0,2825000.0,0.0
58,9017500.0,20087000.0,40526750.0,7060000.0,11880000.0
59,550000.0,2309500.0,8874250.0,1997500.0,550000.0
60,5782500.0,9986000.0,30010750.0,3162500.0,6617500.0
61,2012500.0,7336500.0,14025000.0,5327500.0,0.0
62,2050000.0,10943500.0,18235250.0,3405000.0,2050000.0
63,10755000.0,22815000.0,44104500.0,5660000.0,13677500.0
64,6622500.0,15045500.0,25190000.0,6622500.0,5122500.0
65,10112500.0,16965000.0,36085500.0,5205000.0,13905000.0
66,1585000.0,2988500.0,9836750.0,3277500.0,0.0
67,1240000.0,6687500.0,20765250.0,0.0,1905000.0
68,0.0,2814500.0,16447750.0,1500000.0,0.0
69,0.0,0.0,858000.0,2845000.0,0.0
70,1470000.0,1674000.0,10183250.0,2602500.0,1470000.0
71,4605000.0,8213500.0,22497750.0,5990000.0,4605000.0
72,2857500.0,5504500.0,12735250.0,712500.0,2977500.0
73,2817500.0,4122000.0,16615500.0,3530000.0,2817500.0
74,3950000.0,14703500.0,33745250.0,1237500.0,8885000.0
75,2077500.0,11915000.0,21656250.0,5657500.0,2077500.0
76,1027500.0,2125000.0,6567000.0,2932500.0,0.0
77,6035000.0,25636500.0,44112750.0,5795000.0,10685000.0
78,7697500.0,19434500.0,38552250.0,5417500.0,7697500.0
79,6052500.0,11687000.0,22310750.0,6947500.0,6052500.0
80,9790000.0,15913000.0,32771750.0,5035000.0,9790000.0
81,5602500.0,10321500.0,23256750.0,2685000.0,4132500.0
82,4755000.0,10456000.0,17965750.0,4755000.0,4015000.0
83,3157500.0,8838500.0,16321250.0,8495000.0,1342500.0
84,2915000.0,11010500.0,32133750.0,577500.0,5075000.0
85,6222500.0,13960000.0,21667250.0,6222500.0,5300000.0
86,1657500.0,6286500.0,14525500.0,3282500.0,0.0
87,3932500.0,7241500.0,15416500.0,1882500.0,3932500.0
88,2127500.0,12530500.0,19318750.0,2772500.0,2840000.0
89,577500.0,1549500.0,9836750.0,577500.0,577500.0
90,8025000.0,20638500.0,33486750.0,2390000.0,11820000.0
91,1462500.0,2878000.0,8082250.0,2490000.0,645000.0
92,1470000.0,6051500.0,13310000.0,3817500.0,1470000.0
93,550000.0,4421000.0,9941250.0,3027500.0,0.0
94,0.0,699500.0,2755500.0,607500.0,0.0
95,1240000.0,3086000.0,7664250.0,1240000.0,1240000.0
96,1700000.0,3819000.0,5747500.0,5585000.0,0.0
97,4585000.0,14585000.0,31693750.0,8120000.0,2320000.0
98,1657500.0,1909500.0,4897750.0,2667500.0,0.0
99,3452500.0,7625000.0,11247500.0,6047500.0,922500.0
100,662500.0,5063500.0,15028750.0,2135000.0,0.0
101,2165000.0,10178000.0,14525500.0,7037500.0,2165000.0
102,2090000.0,6573500.0,16365250.0,4355000.0,1310000.0
103,2137500.0,8318500.0,20229000.0,922500.0,3310000.0
104,4935000.0,14524000.0,32766250.0,1100000.0,8195000.0
105,7800000.0,19247500.0,36154250.0,4070000.0,11520000.0
106,1480000.0,3369000.0,11467500.0,2662500.0,2885000.0
107,3360000.0,9727000.0,23487750.0,3360000.0,3360000.0
108,6390000.0,13391000.0,21208000.0,5782500.0,6390000.0
109,3000000.0,8311000.0,11118250.0,6397500.0,1552500.0
110,1617500.0,6852000.0,10752500.0,5960000.0,607500.0
111,1500000.0,3177500.0,8346250.0,4142500.0,0.0
112,0.0,5921000.0,17250750.0,3867500.0,0.0
113,2780000.0,5861000.0,14121250.0,2682500.0,2780000.0
114,9992500.0,19235500.0,36690500.0,3840000.0,9992500.0
115,0.0,5446500.0,16978500.0,3967500.0,0.0
116,16327500.0,23677000.0,31933000.0,5032500.0,19725000.0
117,0.0,6179000.0,13983750.0,3450000.0,0.0
118,2577500.0,6482000.0,13752750.0,4947500.0,1932500.0
119,20485000.0,30807000.0,53418750.0,3817500.0,24055000.0
120,9590000.0,24291500.0,43235500.0,5662500.0,16172500.0
121,5027500.0,18670500.0,39336000.0,1342500.0,6475000.0
122,0.0,2165000.0,8404000.0,2302500.0,0.0
123,6857500.0,16071000.0,31688250.0,3942500.0,7520000.0
124,3842500.0,10770000.0,21175000.0,5012500.0,2815000.0
125,4135000.0,7742500.0,22918500.0,4135000.0,4135000.0
126,5127500.0,11072000.0,27885000.0,2762500.0,4210000.0
127,4642500.0,8137500.0,12754500.0,6047500.0,4642500.0
128,10325000.0,20297000.0,40845750.0,3642500.0,13225000.0
129,0.0,820500.0,6380000.0,0.0,0.0
130,0.0,0.0,1716000.0,1897500.0,0.0
131,6950000.0,18177000.0,36165250.0,0.0,6950000.0
132,1867500.0,10192500.0,21824000.0,3215000.0,1867500.0
133,13527500.0,24669000.0,46843500.0,6942500.0,17240000.0
134,0.0,753000.0,5610000.0,645000.0,0.0
135,2475000.0,6264000.0,21463750.0,2127500.0,817500.0
136,0.0,1425500.0,1749000.0,4132500.0,0.0
137,8967500.0,16101500.0,30857750.0,6505000.0,7267500.0
138,7115000.0,13475000.0,24783000.0,4665000.0,7607500.0
139,5042500.0,11840500.0,26760250.0,6227500.0,3055000.0
140,780000.0,2693000.0,8934750.0,4702500.0,0.0
141,4140000.0,10867000.0,32348250.0,2902500.0,4140000.0
142,7937500.0,14867500.0,28154500.0,3427500.0,7937500.0
143,2370000.0,2730000.0,7953000.0,3627500.0,0.0
144,9062500.0,14794000.0,24664750.0,9880000.0,6527500.0
145,1672500.0,9138000.0,18546000.0,3922500.0,645000.0
146,4205000.0,12566000.0,32593000.0,1342500.0,8622500.0
147,6850000.0,12675000.0,25547500.0,3582500.0,5757500.0
148,5362500.0,11996500.0,36357750.0,4020000.0,5362500.0
149,0.0,3335000.0,10626000.0,4365000.0,0.0
150,9772500.0,20166000.0,35271500.0,0.0,11220000.0
151,1837500.0,2165500.0,14888500.0,1837500.0,1837500.0
152,835000.0,4166000.0,10045750.0,1730000.0,835000.0
153,1125000.0,2038000.0,10815750.0,1790000.0,1125000.0
154,2870000.0,3386000.0,21942250.0,2870000.0,2870000.0
155,13880000.0,20965000.0,39660500.0,6505000.0,15700000.0
156,0.0,2851000.0,5489000.0,3215000.0,0.0
157,0.0,0.0,4281750.0,1635000.0,0.0
158,6935000.0,20176500.0,33225500.0,11660000.0,6935000.0
159,4557500.0,9391500.0,15416500.0,5222500.0,550000.0
160,8817500.0,19944000.0,32546250.0,3792500.0,12767500.0
161,1997500.0,7058500.0,20809250.0,2815000.0,1997500.0
162,1905000.0,8365000.0,10221750.0,7305000.0,1240000.0
163,5600000.0,17603500.0,25984750.0,3890000.0,7257500.0
164,0.0,3705000.0,13893000.0,4910000.0,0.0
165,1955000.0,2283000.0,4171750.0,2562500.0,0.0
166,0.0,10185000.0,21439000.0,1027500.0,0.0
167,0.0,7084000.0,12908500.0,4372500.0,0.0
168,3387500.0,21852000.0,33508750.0,4052500.0,6165000.0
169,0.0,1641000.0,9891750.0,817500.0,0.0
170,1500000.0,3036000.0,11926750.0,2600000.0,1500000.0
171,0.0,1936000.0,4908750.0,1700000.0,0.0
172,2787500.0,7044500.0,22533500.0,2345000.0,2787500.0
173,5060000.0,10820000.0,24994750.0,2480000.0,4082500.0
174,3285000.0,10928500.0,17916250.0,5760000.0,3285000.0
175,2135000.0,4580500.0,11781000.0,3970000.0,665000.0
176,6440000.0,15477500.0,35007500.0,3737500.0,9447500.0
177,1310000.0,11747500.0,20251000.0,3330000.0,1310000.0
178,4190000.0,8752000.0,23650000.0,4190000.0,4190000.0
179,6402500.0,9926500.0,25173500.0,6402500.0,5060000.0
180,0.0,0.0,1006500.0,712500.0,0.0
181,6560000.0,11774000.0,23669250.0,7077500.0,6560000.0
182,7020000.0,20584500.0,37210250.0,8252500.0,6165000.0
183,6987500.0,17065000.0,31875250.0,4007500.0,7717500.0
184,5627500.0,7888500.0,10697500.0,6235000.0,2017500.0
185,6012500.0,13472500.0,22420750.0,6012500.0,6012500.0
186,1670000.0,1950000.0,11063250.0,0.0,1670000.0
187,3000000.0,3456000.0,7537750.0,3000000.0,1342500.0
188,1172500.0,4485500.0,10128250.0,4112500.0,1172500.0
189,645000.0,2878000.0,8519500.0,645000.0,645000.0
190,14065000.0,24592000.0,43598500.0,2510000.0,14065000.0
191,740000.0,2669000.0,4611750.0,4500000.0,740000.0
192,5487500.0,10035500.0,35488750.0,3912500.0,3055000.0
193,607500.0,7038500.0,22024750.0,1917500.0,0.0
194,4290000.0,8160500.0,22836000.0,2845000.0,4972500.0
195,740000.0,3480000.0,7361750.0,1742500.0,0.0
196,3872500.0,7951500.0,22525250.0,1262500.0,3160000.0
197,917500.0,3738500.0,13370500.0,4342500.0,0.0
198,2497500.0,12812500.0,23408000.0,5552500.0,0.0
199,3452500.0,6089500.0,13959000.0,2672500.0,3452500.0
