scenario,sector,es_contribution,portfolio_es,es_share
baseline,manufacturing,1883712.5,18476225.0,0.10195332
baseline,real_estate,9153487.5,18476225.0,0.49541979
baseline,retail,3301350.0,18476225.0,0.17868098
baseline,technology,4137675.0,18476225.0,0.22394591
recession,manufacturing,3902377.5,33601695.0,0.11613633
recession,real_estate,16041132.5,33601695.0,0.47739058
recession,retail,6115185.0,33601695.0,0.18199037
recession,technology,7543000.0,33601695.0,0.22448272
severe,manufacturing,8018587.5,57175566.25,0.140245
severe,real_estate,23458710.0,57175566.25,0.41029257
severe,retail,11779735.0,57175566.25,0.20602743
severe,technology,13918533.75,57175566.25,0.243435
independent,manufacturing,1031537.5,9621450.0,0.10721227
independent,real_estate,3788587.5,9621450.0,0.39376471
independent,retail,2316975.0,9621450.0,0.24081349
independent,technology,2484350.0,9621450.0,0.25820952
high_correlation,manufacturing,2873862.5,27706337.5,0.10372582
high_correlation,real_estate,13765650.0,27706337.5,0.4968412
high_correlation,retail,4403500.0,27706337.5,0.15893476
high_correlation,technology,6663325.0,27706337.5,0.24049823
